id,current_visitors,waiting,rec_quality,rec_balanced,rec_convenience
18257217,6.123227558897004,2.0,0.5104328541493415,0.37163031905411537,0.2119895422844651
1985225055,5.196612486129712,1.0,0.4456040449654506,0.331149178869058,0.20706263665669727
443293859,5.8543502432907015,1.0,0.5096828544418786,0.378243597031299,0.24112136993858319
27321311,6.15935465943814,2.0,0.47175466989148407,0.346073950357398,0.19275618283639223
11786671,6.363206971760431,2.0,0.47536253754831603,0.3497600873478852,0.19515129753523858
803910728,4.946627691891028,0.0,0.523595562766342,0.3920262021384978,0.2816266245959109
1753129148,0.0,0.0,0.5025738801332303,0.33504925342215364,0.25128694006661517
1560620998,6.624163729503511,2.0,0.4817078172101882,0.3556013512832586,0.19906751159423247
19083939,6.215223304388422,1.0,0.4961906975462299,0.37155604770208617,0.23544016315286015
27197478,0.0,0.0,0.0,0.0,0.0
8312102,5.582812180414525,1.0,0.4439937790951043,0.3326719008001819,0.20745576488061096
8256083,6.87271121829955,1.0,0.4925286326008561,0.37315898468246056,0.23547573696199958
463727586,3.8991793944030033,1.0,0.4485189810089143,0.32375601641473695,0.20421097245536912
18678102,4.825142826117716,1.0,0.47709676478659807,0.34957090031179683,0.22162126190356668
13091834,6.587465553600371,2.0,0.44766634615467227,0.3326823835026676,0.1819430897232836
20044268,0.0,0.0,0.0,0.0,0.0
25421177,4.279254825364131,1.0,0.45865802753403495,0.33335378046107383,0.21059052634697084
24643017,5.548898751972131,2.0,0.4599692240419323,0.3342589737225227,0.1850366848030744
24245433,6.9752346070331015,2.0,0.4992741499380787,0.36943048236193715,0.2088283283859092
26871332,5.103926325455915,3.0,0.3917995057527858,0.2783274997801511,0.12392324804625635
21089840,0.0,0.0,0.4246420772648856,0.28309471817659043,0.2123210386324428
1797997961,6.471706437070443,1.0,0.5180754304116653,0.38774743770396153,0.24712171485861717
22614740,4.0068915451375515,0.0,0.4414279471337179,0.3304482404320761,0.23740456234051932
132754911,0.0,0.0,0.3272223407336508,0.21814822715576723,0.1636111703668254
1802207715,3.577453746056611,1.0,0.37769951810915625,0.2740688805200927,0.16765932071557982
1150128584,4.256198423174745,1.0,0.44755680240533735,0.32578331305120806,0.20496161347920633
26874803,0.0,0.0,0.4868958187784444,0.32459721251896295,0.2434479093892222
9012776,6.289681768756763,2.0,0.486476004230711,0.356709364863259,0.20049586151971782
931881312,9.858689527726321,4.0,0.5226544870509178,0.38664160982173335,0.18005935314180066
367223295,5.255458810631124,1.0,0.4911950418102087,0.3619438995353126,0.23004308404972978
1684978197,5.332904816411294,1.0,0.4949547864059337,0.36497493865717745,0.23216505298976842
18514677,0.0,0.0,0.0,0.0,0.0
9971730,4.051453597013841,1.0,0.4054462737963118,0.2961888312890352,0.18320444331800628
9593688,3.044913243584562,0.0,0.4744623824808955,0.34493631688549264,0.2504441428857842
2078186665,7.302483416978137,2.0,0.4916948050976435,0.366303038220733,0.20592732631296212
17781427,0.0,0.0,0.4189404249280237,0.2792936166186825,0.20947021246401185
1202046769,0.0,0.0,0.0,0.0,0.0
27315733,5.52921923038878,0.0,0.5034137158524742,0.3825356671574618,0.27336525327507355
17419272,5.7251253434626035,2.0,0.4510938474109003,0.3295039428658723,0.18113525197865266
26594085,2.3345204072918606,0.0,0.3970958209349517,0.2873776758465361,0.20900043133973814
15980942,0.0,0.0,0.4139389525830825,0.275959301722055,0.20696947629154125
1558238643,0.0,0.0,0.0,0.0,0.0
8520131,3.6976436401619015,1.0,0.4402208811391811,0.316681943886511,0.19935022746739306
422921961,3.6713867323761282,0.0,0.40104866317554166,0.30097036035878033,0.21603414000704124
18480377,5.058834113137041,0.0,0.5286611331831128,0.3961810475840998,0.2845183937278754
2057792795,0.0,0.0,0.0,0.0,0.0
1916682638,7.4399398233012,2.0,0.5211404095623933,0.3867285046244654,0.22101708089636735
138967530,8.27971515534048,3.0,0.47666991667113184,0.3542923821256408,0.1753051958438566
21410206,6.3412897470536205,2.0,0.46643922311942615,0.3436744468765257,0.19062651838905537
400281849,5.214891312997814,1.0,0.4912012641865684,0.36167199765753744,0.22991878748621047
21236051,0.0,0.0,0.0,0.0,0.0
23734945,5.804874043766997,2.0,0.4889054814215955,0.3552322776615706,0.20028133611718563
268235810,6.762215611417423,1.0,0.5340034311601347,0.4001430660748745,0.2559058511737442
12771116,5.121129235713846,1.0,0.5068820774577435,0.37148443757163035,0.23746314692178705
27253757,5.643154297012153,2.0,0.48562980994566896,0.35198945765963763,0.19815471314015376
13337463,6.482836041941407,1.0,0.5229392506540042,0.3910587793007396,0.24958537641142609
90725902,4.564404212342954,0.0,0.5175616378356191,0.3853007390391402,0.2773621945249145
1925626633,0.0,0.0,0.0,0.0,0.0
491500586,0.0,0.0,0.0,0.0,0.0
1719380793,4.581053240810531,1.0,0.49019583435063263,0.35657029193478906,0.22737080218418515
1570017396,0.0,0.0,0.0,0.0,0.0
1426286680,6.381779755306098,2.0,0.491947620725501,0.3609325263592793,0.2034972469207253
12887413,7.74324222008278,3.0,0.47273183529971324,0.34870395348160244,0.17196859774441223
1301543404,0.0,0.0,0.4405771596938484,0.29371810646256563,0.2202885798469242
18742750,5.694485436264344,1.0,0.45273323739540083,0.3392343847299841,0.2121652686751921
22895023,5.88059279048011,2.0,0.46756386356481094,0.34149583557687657,0.18983728249025283
2067674889,4.593437964474955,1.0,0.40380513016779795,0.2990652637386546,0.18421642298157798
1859634829,0.0,0.0,0.0,0.0,0.0
2140388321,4.795085323410113,1.0,0.49616160918893604,0.3620691956220185,0.23105602212411858
18046756,0.0,0.0,0.0,0.0,0.0
1363442042,8.44552541070395,3.0,0.5163945401020145,0.38166865573514286,0.1955797497080273
27281186,4.325459042171796,0.0,0.44607901827639,0.3359128408392017,0.24082112236355271
1351221007,5.90806666380764,1.0,0.5154890142810019,0.38246187483427485,0.24418483658594187
24065719,2.389326376802552,0.0,0.48622747758833235,0.3472737132350484,0.25378545949085546
21410533,5.887741998052534,1.0,0.4992704415357747,0.3715181774011333,0.2360149430119482
1300092065,0.0,0.0,0.0,0.0,0.0
17698110,0.0,0.0,0.45103938260305354,0.3006929217353691,0.22551969130152677
636848732,6.70189492901959,1.0,0.5046767154339411,0.38022613868624505,0.24107367012395486
24355770,0.0,0.0,0.4725533392789238,0.3150355595192826,0.2362766696394619
1722785841,0.0,0.0,0.0,0.0,0.0
12391555,0.0,0.0,0.43708277437625326,0.29138851625083556,0.21854138718812663
20060976,0.0,0.0,0.46015532205592,0.3067702147039467,0.23007766102796
744420641,0.0,0.0,0.42267699095063127,0.2817846606337542,0.21133849547531564
561010883,8.109961955120466,2.0,0.5059449689089324,0.38036236875920587,0.21515666421750512
903727781,5.754070647633791,1.0,0.5252666413000967,0.38798017611075397,0.24861205775568124
1534943798,0.0,0.0,0.0,0.0,0.0
18590900,0.0,0.0,0.4471850014068463,0.2981233342712309,0.22359250070342315
2011219962,0.0,0.0,0.4287923460460004,0.2858615640306669,0.2143961730230002
921050451,4.719667708483504,1.0,0.48831544698494056,0.35630522509797885,0.22688685068917808
21960086,8.206392174316019,2.0,0.5143871371918851,0.38651750138122065,0.21962098855900286
1622865435,0.0,0.0,0.4478366736168067,0.29855778241120445,0.22391833680840334
19032013,2.033375209858424,0.0,0.4816449013714496,0.34109193184324144,0.25005106496062096
1767349854,8.536075954550917,3.0,0.4787038754575233,0.35702494408251945,0.17695752420595282
2082473107,4.302529110094255,2.0,0.41062944118254047,0.29266726642697694,0.1563520924244779
1226080781,5.304919029456348,0.0,0.49398559961691246,0.37474569715184014,0.2679567832271786
14839666,4.688812029160745,1.0,0.4583906918292297,0.33613630244754034,0.21182335655133894
1940227088,8.459914934298386,3.0,0.4702821649330789,0.35100409538238553,0.1725591112434978
726593676,4.505153667824434,1.0,0.47186097613562533,0.3438010394590698,0.21795136676942867
20233508,1.834187009872826,0.0,0.48490833902007835,0.3414733701774778,0.25085469758577406
27377923,0.0,0.0,0.45085792051617657,0.3005719470107844,0.22542896025808828
1702747478,4.252808654607392,1.0,0.49200150617318683,0.35538814620552656,0.22717244104424744
474254018,0.0,0.0,0.0,0.0,0.0
1659740236,4.025800736068705,1.0,0.43454559286134103,0.3153960067300495,0.19766531641867235
1530756997,0.0,0.0,0.0,0.0,0.0
673707765,0.0,0.0,0.4233097105596868,0.2822064737064579,0.2116548552798434
965893653,6.186778083357457,1.0,0.5080903296902362,0.37930958151011857,0.24130710801503014
15790820,3.037115309955798,0.0,0.47922213718719847,0.34804583668230865,0.25279464331244983
1978983916,4.7604840776245165,2.0,0.47194681148727047,0.3368433888913708,0.18853287400510776
570518757,5.329596664726896,2.0,0.4786415404596356,0.34523871695142655,0.1936950886813576
92793209,6.676452176621468,1.0,0.5196151838926535,0.3900303372332332,0.24847146723385566
1151327128,0.0,0.0,0.4270357014195498,0.28469046761303324,0.2135178507097749
1237520308,0.0,0.0,0.4452336521425263,0.29682243476168424,0.22261682607126315
2103222834,5.902479125040352,0.0,0.5289234568791366,0.4019881505240488,0.28724904194939493
934767425,0.0,0.0,0.4630841032260532,0.3087227354840355,0.2315420516130266
792913304,0.0,0.0,0.4707809417340451,0.3138539611560301,0.23539047086702256
1661165863,2.52610149980999,0.0,0.3816007655570225,0.27869774580865264,0.20201449144188247
27225242,0.0,0.0,0.4372839677139024,0.29152264514260157,0.2186419838569512
1056365433,0.0,0.0,0.42566904988074394,0.28377936658716263,0.21283452494037197
21884863,0.0,0.0,0.33540395934043515,0.2236026395602901,0.16770197967021758
579909560,0.0,0.0,0.3938873159726446,0.2625915439817631,0.1969436579863223
2088827518,0.0,0.0,0.46536279098950173,0.31024186065966786,0.23268139549475086
381173653,0.0,0.0,0.3756374043086865,0.25042493620579104,0.18781870215434324
1773725698,0.0,0.0,0.3830014714579373,0.2553343143052915,0.19150073572896864
2015571362,2.9604896442661452,1.0,0.4221648851515363,0.29877385748124274,0.18761264989810672
651155763,1.8474542778968763,0.0,0.49035926162082955,0.34522784041302096,0.2536357843484769
10914558,0.0,0.0,0.37478060934523066,0.24985373956348714,0.18739030467261533
1535196086,0.0,0.0,0.4650366387570551,0.31002442583803674,0.23251831937852754
10189696,4.084034431054098,0.0,0.4485775591307188,0.335792814777284,0.24124621434542315
2105492993,0.0,0.0,0.4470277366166709,0.2980184910777806,0.22351386830833544
1614690024,0.0,0.0,0.3869474344368621,0.2579649562912414,0.19347371721843104
144403789,4.6312229454741445,1.0,0.4785901959362241,0.3491922680526464,0.2217337068511946
1819203967,7.288545307411364,2.0,0.4916995681165697,0.3662251466911641,0.2058922923414161
983907748,4.07105513734972,1.0,0.45420929834369045,0.3288442297677641,0.20765367041345395
1901139532,0.0,0.0,0.3965567678848319,0.26437117858988796,0.19827838394241595
1047991051,3.4757716533509546,0.0,0.481780215640939,0.35326600549471215,0.25569589015927846
8123221,7.268048174443101,2.0,0.49754983011904075,0.37000595532162583,0.2087623313251813
899602257,6.401722200156977,2.0,0.4805395845457766,0.35345123815411106,0.19785049156070061
892514586,5.362647620571862,1.0,0.48008660126527847,0.3552634122283444,0.22482354364941176
22303849,5.304620130872368,1.0,0.49195903980631883,0.36278657392684205,0.23057893338353386
768187503,5.791522160391006,1.0,0.5012579102293657,0.3722186807896219,0.23672045778617196
1737612851,4.945834440559556,1.0,0.4756937723356679,0.34948009096841515,0.22130954365836547
27272711,4.828400857615399,1.0,0.496336657656411,0.36242040090515365,0.23125178003700303
1736742094,3.5744006785761666,0.0,0.4907046204057102,0.35998787358013506,0.260514522499622
13113825,5.505426448559165,1.0,0.4993382957299518,0.3690543174123445,0.23489082574677206
833037714,0.0,0.0,0.4642982557818656,0.30953217052124377,0.2321491278909328
10146452,3.453775056389496,0.0,0.46882595765062446,0.3444567144102278,0.24913886004522523
16050660,7.716863047105182,1.0,0.5252239952738358,0.3998670872718069,0.25409012328650166
8368414,5.258060051602325,1.0,0.45080755997941974,0.33503658209078707,0.20985749872325865
196078294,7.111780675227715,2.0,0.4767079764861871,0.3551954216856607,0.19791865164072558
488474938,5.033735532905986,1.0,0.46563719860553293,0.3433856562885517,0.2165627711657102
916565237,8.035710254442035,3.0,0.49110855585370944,0.36258451558245897,0.18190899574365296
977993220,0.0,0.0,0.48204980847428724,0.32136653898285816,0.24102490423714362
1680075315,6.218144610185482,1.0,0.4634448587249108,0.34974390653594345,0.21907574437977145
1217230294,0.0,0.0,0.46113155220804347,0.3074210348053623,0.23056577610402174
43723039,5.322413406856069,1.0,0.47982121089279495,0.35481501775702623,0.22456555574486425
20885402,0.0,0.0,0.46642758405812407,0.3109517227054161,0.23321379202906203
18754656,2.121925259840392,0.0,0.371112521881373,0.26819091849582083,0.19514821659064288
24324645,4.494834574445766,1.0,0.4921300866324284,0.35723928400559846,0.2280515393479809
706185496,0.0,0.0,0.4393405277709311,0.2928936851806207,0.21967026388546554
225898466,5.005641647928494,1.0,0.4606969149109998,0.3398976559352166,0.21400287029214538
18960396,5.872584916454425,0.0,0.5038422981546838,0.3850740797543848,0.27461924799330906
1646360857,0.0,0.0,0.0,0.0,0.0
27468317,0.0,0.0,0.47664743027404527,0.31776495351603024,0.23832371513702263
22484613,0.0,0.0,0.0,0.0,0.0
805500797,5.935130273088792,3.0,0.47021688715282245,0.33613797617226115,0.16568527203492958
26820977,0.0,0.0,0.44104607253810796,0.2940307150254053,0.22052303626905398
25589312,0.0,0.0,0.4407758369988452,0.29385055799923016,0.2203879184994226
1272688364,0.0,0.0,0.415318778697774,0.276879185798516,0.207659389348887
24407179,0.0,0.0,0.0,0.0,0.0
2010386564,3.1304409986021358,0.0,0.4888830449987692,0.3552453886158521,0.25797538032246425
358106105,4.330050168936194,1.0,0.487257614161308,0.3527927928161673,0.2250622987084126
17950425,4.285317477461935,1.0,0.42578710070942055,0.3114843851842243,0.19417562721446058
639468756,0.0,0.0,0.0,0.0,0.0
27585975,6.0921050678716835,2.0,0.460466590011623,0.3381216151607693,0.18691508969182102
552375315,5.076775751825522,1.0,0.5004246500262657,0.36687438821663365,0.2340936188672736
1114478955,0.0,0.0,0.4518494132251167,0.30123294215007784,0.22592470661255834
475964938,5.97664428962478,2.0,0.47623328575946566,0.3478945620260143,0.1944577374272885
27436307,0.0,0.0,0.394982467037865,0.26332164469191,0.1974912335189325
1545381630,0.0,0.0,0.0,0.0,0.0
247951592,1.4889160986346481,0.0,0.34877565580614106,0.2475294240155634,0.1813165910468256
20536852,0.0,0.0,0.25202202531646883,0.1680146835443126,0.12601101265823442
898180251,3.428055057202686,0.0,0.47507518904581725,0.34842003313182734,0.2521698593388852
1964922245,1.095041848890176,0.0,0.3529238332004461,0.2465297039182017,0.18165290819310195
18769234,0.0,0.0,0.44985597860912385,0.2999039857394159,0.22492798930456193
1998844715,1.7000347688189967,0.0,0.4893148468378296,0.3431841041778009,0.2524916724739522
8383937,0.0,0.0,0.3242494885636077,0.2161663257090718,0.16212474428180385
15659552,0.0,0.0,0.4363441099871545,0.2908960733247697,0.21817205499357725
2036183426,5.369612702827234,1.0,0.4907542223727176,0.36242206687785883,0.23017900370061828
7919830,1.2838756888711769,0.0,0.3059331043451382,0.21702506511375522,0.158998703965029
1009353804,1.4775494660339583,0.0,0.46345983053576706,0.32387881832341603,0.23860942202153182
8101657,3.5068184916484775,0.0,0.506671955404012,0.37010429420476104,0.2682542810568151
235947680,2.3112069639176753,0.0,0.35669421350211383,0.26024053584777285,0.18870605760322473
18677263,0.0,0.0,0.3117968548728226,0.20786456991521507,0.1558984274364113
1740861915,3.8897016861859206,1.0,0.4565115940003911,0.32901249148891365,0.20817407883411926
456923820,0.0,0.0,0.21272986478866596,0.14181990985911064,0.10636493239433298
2019981195,0.8107958954397136,0.0,0.2704033352847954,0.18871029939374864,0.13909770265957538
27268818,2.384307367615961,1.0,0.4147321649184452,0.2889607142795224,0.1816541376063337
385058943,2.5225835296375405,0.0,0.41369388019209874,0.30006310795026137,0.21804718062937034
1084098578,7.799196100900333,2.0,0.5162105910883685,0.3854828089081081,0.21949410239765926
747903409,0.0,0.0,0.4237064340201579,0.2824709560134386,0.21185321701007895
26965496,0.0,0.0,0.323290064654152,0.21552670976943467,0.161645032327076
1242542556,0.0,0.0,0.4315182791658417,0.28767885277722777,0.21575913958292084
872354984,0.0,0.0,0.4506272974166701,0.3004181982777801,0.22531364870833506
695715112,0.0,0.0,0.24563033451021524,0.16375355634014352,0.12281516725510762
217203344,3.0760129341556324,0.0,0.4808327840048793,0.3494366720679721,0.2537463071092331
2127919575,0.0,0.0,0.4671190339029361,0.3114126892686241,0.23355951695146804
15674521,0.0,0.0,0.372104029905624,0.24806935327041604,0.186052014952812
359607153,1.4492648408110205,0.0,0.43429173034113716,0.30416736076674744,0.2239025761887175
1420799753,4.566503944774795,2.0,0.40858141217556965,0.2932178885686929,0.15621237398854476
1634331865,0.0,0.0,0.42356021701240415,0.28237347800826945,0.21178010850620207
1475839956,4.965143278484176,1.0,0.5210104472734748,0.3798255602124339,0.2440298900282601
14512667,0.0,0.0,0.4338481713489511,0.2892321142326341,0.21692408567447555
379558448,0.0,0.0,0.40831222841825104,0.27220815227883405,0.20415611420912552
364574702,1.8700928499787945,0.0,0.3199173373922025,0.23180520544630256,0.16850958278140934
2001492056,4.982801898091087,1.0,0.47847553118565206,0.351591637926485,0.22281905741785618
904914651,0.0,0.0,0.37473699699752194,0.24982466466501463,0.18736849849876097
572476007,0.4620981203732969,0.0,0.2911932173486222,0.19902182199044782,0.14785492117801866
1080030680,1.1729143687178927,0.0,0.3265039538720318,0.22967196986323862,0.1687916695276547
24065724,0.0,0.0,0.0,0.0,0.0
1659429675,3.9839227729524103,0.0,0.4518832522841921,0.3372455801952656,0.24255243168323645
691246340,0.0,0.0,0.3519660280255585,0.23464401868370569,0.17598301401277924
1078820538,0.0,0.0,0.44426929842959817,0.2961795322863988,0.22213464921479908
15888111,0.0,0.0,0.43408461739239246,0.28938974492826164,0.21704230869619623
390038812,0.0,0.0,0.45532881008300397,0.30355254005533605,0.22766440504150198
1187341604,0.0,0.0,0.26150083045823097,0.17433388697215402,0.13075041522911549
1706900559,4.192648396395713,1.0,0.46399527193156087,0.3362730131248461,0.21296425765285149
27459445,5.941331572219857,0.0,0.4340405946330646,0.3389834662220852,0.23992325260885944
25536898,0.0,0.0,0.42980423032985254,0.2865361535532351,0.21490211516492627
10278424,4.177055788990602,0.0,0.5161860279550914,0.381557391921717,0.27536995549369464
680174173,0.0,0.0,0.4564892074238551,0.30432613828257016,0.22824460371192756
1708119130,0.0,0.0,0.0,0.0,0.0
2131726669,5.503512371167428,0.0,0.5045434870331976,0.3831177544141444,0.27385117262060465
739980731,1.7227179790544052,0.0,0.31628664298508785,0.2280404903433133,0.16607381150173842
10341266,6.295278579904616,0.0,0.511500766145861,0.39287206715382067,0.27969110140673664
25754529,0.0,0.0,0.47777461915892355,0.3185164127726157,0.23888730957946178
12264769,0.0,0.0,0.0,0.0,0.0
69756475,5.101345775923259,1.0,0.4917835839760709,0.36128282244370846,0.2298511527316553
20089423,0.0,0.0,0.42065146245272583,0.2804343083018172,0.21032573122636292
19697860,2.6399915551423545,0.0,0.40866735583580177,0.2977098501643737,0.2159944223519805
22353150,5.693302504410807,2.0,0.43405487555657496,0.31793599501419917,0.17251947376743332
242944327,5.932463669631295,1.0,0.5235499880609736,0.3879932120992341,0.24828794874284071
26871883,7.372827222880993,2.0,0.5287135701688622,0.3913900890562505,0.2246249584430507
18306864,0.0,0.0,0.2835242293878145,0.1890161529252097,0.14176211469390726
914654401,0.0,0.0,0.42693484854943675,0.28462323236629117,0.21346742427471838
13099694,0.0,0.0,0.2385028956906021,0.15900193046040142,0.11925144784530105
16378493,0.0,0.0,0.44422607778596485,0.2961507185239766,0.22211303889298242
10373351,2.992751512499362,0.0,0.4694558482357236,0.34117203994308815,0.24774398924983365
1892965420,0.0,0.0,0.3421511451641616,0.22810076344277444,0.1710755725820808
1079606684,0.0,0.0,0.38019112777290154,0.25346075184860106,0.19009556388645077
636199478,1.5403270679109895,0.0,0.32014388780242165,0.22892287338715162,0.16722284306376645
1371423273,0.0,0.0,0.26392853529664445,0.17595235686442967,0.13196426764832223
13062352,0.0,0.0,0.40323038549372436,0.26882025699581624,0.20161519274686218
1424798767,0.0,0.0,0.29619450755243004,0.1974630050349534,0.14809725377621502
791496069,3.2021884887710668,0.0,0.35653375536548193,0.2675918454260484,0.19206811238230734
807263903,0.0,0.0,0.07305068622783484,0.04870045748522323,0.03652534311391742
26628346,1.34828989000887,0.0,0.36215964405318923,0.2551237382183715,0.18739550303409244
12276253,0.0,0.0,0.3536123638478548,0.2357415758985699,0.1768061819239274
1253348263,0.0,0.0,0.0,0.0,0.0
456445494,0.0,0.0,0.24308415666587707,0.16205610444391805,0.12154207833293854
24066931,0.0,0.0,0.43828901039910406,0.2921926735994027,0.21914450519955203
15056312,0.0,0.0,0.414025294609178,0.27601686307278533,0.207012647304589
1702618116,0.0,0.0,0.43772359361278834,0.29181572907519227,0.21886179680639417
1654543960,0.0,0.0,0.0,0.0,0.0
436404197,0.0,0.0,0.0,0.0,0.0
16032759,0.0,0.0,0.3613378275002079,0.2408918850001386,0.18066891375010394
24407337,0.0,0.0,0.05939187315101437,0.039594582100676255,0.029695936575507186
115150487,0.0,0.0,0.0,0.0,0.0
37052170,5.289788477872705,2.0,0.4454636489879659,0.3228508321426973,0.1769818550250845
18596713,0.0,0.0,0.1347751050680866,0.08985007004539108,0.0673875525340433
888425498,0.0,0.0,0.3871562210034622,0.2581041473356415,0.1935781105017311
2079469733,0.0,0.0,0.0,0.0,0.0
868374193,0.0,0.0,0.21272986478866596,0.14181990985911064,0.10636493239433298
179213909,0.0,0.0,0.31568031351113274,0.21045354234075517,0.15784015675556637
57362706,0.0,0.0,0.19662483527269486,0.1310832235151299,0.09831241763634743
249943691,0.0,0.0,0.0,0.0,0.0
1614654285,0.0,0.0,0.40409923952374144,0.2693994930158276,0.20204961976187072
844442414,0.0,0.0,0.4214849521523692,0.28098996810157945,0.2107424760761846
9734502,0.0,0.0,0.0,0.0,0.0
1191541006,6.72950971542264,3.0,0.47535470208353586,0.3445287739510131,0.17054598926564454
1290425207,0.0,0.0,0.20812859152666077,0.13875239435110717,0.10406429576333039
283849493,0.0,0.0,0.36429188894144504,0.2428612592942967,0.18214594447072252
1593638371,0.0,0.0,0.22408525264413495,0.1493901684294233,0.11204262632206748
2062912724,0.0,0.0,0.4034611116251707,0.2689740744167805,0.20173055581258534
1209035280,0.0,0.0,0.0,0.0,0.0
895272833,0.0,0.0,0.21272986478866596,0.14181990985911064,0.10636493239433298
1421762112,4.681173999467766,0.0,0.464498395512077,0.35075984830149554,0.2512157752760897
19382069,0.0,0.0,0.47781774300582835,0.3185451620038856,0.23890887150291418
524094409,0.0,0.0,0.0,0.0,0.0
19909925,5.407530547070289,1.0,0.49016307920270485,0.36228288293920363,0.23000108358085186
2127178691,7.77259132405092,2.0,0.481444853825286,0.3621563255422073,0.20204231444741988
25859396,0.0,0.0,0.0,0.0,0.0
674722998,0.0,0.0,0.0,0.0,0.0
763211643,0.0,0.0,0.43277539703974505,0.2885169313598301,0.21638769851987252
8234310,4.488666134812162,1.0,0.4872446720159256,0.35393777963580464,0.22558826528951786
1252600387,1.8491269167438842,0.0,0.45886020514884934,0.32424365354200824,0.23789326416339793
27296903,4.278034837347754,0.0,0.4245760761222875,0.3212295714408077,0.22990904761158193
644614560,3.5384459010121447,1.0,0.39315679727609093,0.28406915470994665,0.17524738556607677
1778399167,0.0,0.0,0.0,0.0,0.0
1260873032,0.0,0.0,0.4184117697091238,0.2789411798060825,0.2092058848545619
27270739,0.0,0.0,0.3539728357859766,0.23598189052398444,0.1769864178929883
27341415,4.853746348531134,2.0,0.4093710596571032,0.2957829362387956,0.15754809742888704
2081735366,3.0988841902319573,0.0,0.4488240630818037,0.328283459439464,0.23782776264163796
632992362,0.0,0.0,0.400794505848816,0.26719633723254405,0.200397252924408
417414133,0.0,0.0,0.32095477074267553,0.2139698471617837,0.16047738537133777
279361000,0.0,0.0,0.0,0.0,0.0
26965495,0.0,0.0,0.43986553202655043,0.2932436880177003,0.21993276601327522
24873660,2.2024535018786335,0.0,0.3924486055586129,0.2831254453959314,0.20614416817477849
18558149,0.0,0.0,0.42946619592557317,0.2863107972837155,0.21473309796278658
26888025,3.648887228167573,1.0,0.45817765713568387,0.3282761308261588,0.20815461682348102
1593151929,0.0,0.0,0.21004507383450238,0.1400300492230016,0.10502253691725119
1744612347,4.755853391755285,1.0,0.39390717716567114,0.29362261348888874,0.1798009780582001
1930988526,1.543343922077134,0.0,0.347174258595088,0.24697129214939145,0.18075103072185142
1426786188,0.0,0.0,0.3581703742465618,0.23878024949770787,0.1790851871232809
1282850413,0.0,0.0,0.4614442858394824,0.30762952389298825,0.2307221429197412
1477573935,0.0,0.0,0.0,0.0,0.0
965233002,0.0,0.0,0.0,0.0,0.0
26941637,0.0,0.0,0.3646095182708045,0.24307301218053637,0.18230475913540226
1610120738,0.0,0.0,0.38319587426568036,0.2554639161771203,0.19159793713284018
824668308,0.0,0.0,0.3324844000293189,0.22165626668621263,0.16624220001465945
16047850,0.0,0.0,0.2947386275252109,0.19649241835014064,0.14736931376260545
1450782458,0.0,0.0,0.4378435659978967,0.2918957106652645,0.21892178299894835
26932953,0.0,0.0,0.33575937348135704,0.2238395823209047,0.16787968674067852
53397839,3.6152972995580583,0.0,0.3770881101468059,0.2845618618513101,0.203853188190375
1742021475,0.0,0.0,0.42179931416764493,0.28119954277842996,0.21089965708382247
852972370,0.0,0.0,0.3241339590291295,0.2160893060194197,0.16206697951456475
1573253740,0.0,0.0,0.46907116816606015,0.3127141121107068,0.23453558408303007
1981625510,0.0,0.0,0.4482462168567314,0.29883081123782096,0.2241231084283657
1045063038,0.0,0.0,0.4551305673606477,0.3034203782404319,0.22756528368032386
308895735,0.0,0.0,0.0,0.0,0.0
1363457164,4.652691258465122,0.0,0.49251892174978124,0.36923734972646466,0.26513241559486467
23149152,5.8136319431990575,3.0,0.4723207560519052,0.33675413487940264,0.16637424314958774
11088775,4.263071053321851,2.0,0.39491848931686463,0.28190332352201464,0.14836278187878843
502589109,0.0,0.0,0.0,0.0,0.0
1655771111,5.574244627373043,2.0,0.46441189152011636,0.3373888468854666,0.18733560077793004
26874633,5.165866168768089,1.0,0.4672081491557961,0.3453417980093426,0.2177677116811259
606295676,6.3505687141787925,1.0,0.5103185931316088,0.38182367287945984,0.24289597007806701
1217348322,2.6769977608975015,0.0,0.418652462387747,0.30467893306768656,0.22113113495196052
10763499,0.0,0.0,0.3426548716731164,0.22843658111541096,0.1713274358365582
1324482226,0.0,0.0,0.4037587926794108,0.26917252845294054,0.2018793963397054
379923430,5.668215283180657,1.0,0.4454289219941344,0.3341922378257789,0.20843344791146923
10390085,0.0,0.0,0.4460299896959859,0.29735332646399065,0.22301499484799295
1244021513,0.0,0.0,0.4671949979597473,0.3114633319731649,0.23359749897987364
511887099,0.0,0.0,0.44788212028263436,0.2985880801884229,0.22394106014131718
855515350,0.0,0.0,0.0,0.0,0.0
413180610,0.0,0.0,0.28435374278224607,0.18956916185483072,0.14217687139112303
88547142,0.0,0.0,0.0,0.0,0.0
1825786497,0.0,0.0,0.42845957878751256,0.285639719191675,0.21422978939375628
2132561137,0.0,0.0,0.4406511878058155,0.29376745853721037,0.22032559390290776
2041789191,5.061145425905573,1.0,0.47487575978726704,0.3497340198512673,0.22126943149883554
865216216,0.0,0.0,0.39934901353529245,0.266232675690195,0.19967450676764623
1197560433,0.0,0.0,0.43039861141135616,0.28693240760757077,0.21519930570567808
2000293580,4.981963778935531,1.0,0.4435252005486159,0.3282855983438401,0.2053412063341285
1355856113,0.0,0.0,0.0,0.0,0.0
856953376,6.52553847778977,1.0,0.49640959901694914,0.3736357632385613,0.23644212829867928
121215036,0.0,0.0,0.43672720850140745,0.29115147233427163,0.21836360425070372
1428152932,0.0,0.0,0.3608424112186912,0.24056160747912747,0.1804212056093456
447892589,0.0,0.0,0.282129731561509,0.1880864877076727,0.1410648657807545
1462585562,0.0,0.0,0.3195393305169084,0.2130262203446056,0.1597696652584542
938697592,0.0,0.0,0.3985062232184494,0.2656708154789663,0.1992531116092247
1109686419,6.8162180089514806,2.0,0.49345709241029756,0.36459986326741456,0.20548014697155625
140662423,0.0,0.0,0.03889297522174283,0.025928650147828552,0.019446487610871414
241071187,7.4859217530463615,3.0,0.47393596952149447,0.34804443512088074,0.17189576892826783
522821533,0.0,0.0,0.0,0.0,0.0
2058942922,0.0,0.0,0.4027161404254085,0.2684774269502723,0.20135807021270424
1297639519,0.0,0.0,0.33315218868546653,0.22210145912364437,0.16657609434273327
1633139598,0.0,0.0,0.4541421851562355,0.30276145677082367,0.22707109257811775
399037818,5.82748822180148,2.0,0.4270493726503464,0.3141419062259497,0.16942114376781264
387413879,0.0,0.0,0.46627148447042116,0.31084765631361416,0.23313574223521058
477148198,2.810358471698496,0.0,0.43025816594378846,0.31353327238487017,0.2274496191668225
127867629,0.0,0.0,0.2048775772820318,0.13658505152135456,0.1024387886410159
707290424,0.0,0.0,0.332185533487992,0.22145702232532802,0.166092766743996
1506623283,4.207590687621696,1.0,0.4918733700223449,0.35496897345152445,0.22695433512877689
24504952,5.495646232178474,1.0,0.5087648740466115,0.37527352932130326,0.23957403476564915
1337140142,0.0,0.0,0.0,0.0,0.0
11230411,1.7532970108669634,0.0,0.4819375104791223,0.3387548204498248,0.24902866914590416
11831384,0.0,0.0,0.45268631427132394,0.3017908761808827,0.22634315713566197
363670536,1.9871201917267522,0.0,0.4904987136220633,0.34658072947354834,0.25428701237664986
729614334,4.849386476537446,1.0,0.47630208901188686,0.34921141569197045,0.2213025236608177
987555017,0.0,0.0,0.4753560453243012,0.31690403021620084,0.2376780226621506
27387712,2.918366007931925,0.0,0.4026388648721218,0.2960156881228923,0.21405317622443523
1283694575,6.994524572226271,1.0,0.5170749601712539,0.3902508652881954,0.24808474485126136
18233050,2.6063685860469707,0.0,0.37124852335410297,0.272479285686384,0.19715361711565857
12068956,2.7430968488281895,1.0,0.4042619817938394,0.28503458871988563,0.17782858290100018
646338680,0.0,0.0,0.3803289007115956,0.25355260047439704,0.1901644503557978
349304267,0.0,0.0,0.4577402694670599,0.30516017964470665,0.22887013473352996
14556077,0.0,0.0,0.4271392972266228,0.28475953148441524,0.2135696486133114
20752239,0.0,0.0,0.44116810838829723,0.2941120722588648,0.22058405419414862
1649748708,0.0,0.0,0.3954855187038167,0.2636570124692112,0.19774275935190835
15735327,0.0,0.0,0.4142246964560846,0.2761497976373898,0.2071123482280423
15242542,0.0,0.0,0.4259026108867327,0.2839350739244885,0.21295130544336635
1165755646,8.31700913146849,3.0,0.5101710585715244,0.3768282847240798,0.1921489089470578
149766335,0.0,0.0,0.0,0.0,0.0
17908864,4.222864271894078,1.0,0.4818939377435564,0.3484288905416677,0.22201671373215287
1685707673,0.0,0.0,0.42122978184185284,0.2808198545612352,0.21061489092092642
303245315,0.0,0.0,0.3149969793107374,0.2099979862071583,0.1574984896553687
1091899376,4.201737987637907,1.0,0.49513231589006634,0.357098314762476,0.22856382840070094
220436672,5.594351714674049,2.0,0.4668397047422753,0.33914050321087774,0.18861094470161194
353759062,0.0,0.0,0.40078189546700305,0.26718793031133536,0.20039094773350152
106756337,0.0,0.0,0.0,0.0,0.0
940858855,7.43269123013494,2.0,0.46710877581015087,0.35066568777498525,0.19398200509040686
8121857,1.2792139405522478,0.0,0.29969134126618807,0.21281928667074493,0.15585723639922613
27456816,0.0,0.0,0.4491189832416338,0.29941265549442253,0.2245594916208169
67765586,0.0,0.0,0.23462541642633905,0.15641694428422603,0.11731270821316953
919057400,3.5765812641009704,1.0,0.39303772861786956,0.2842875527533757,0.17532528684415527
10306024,0.0,0.0,0.05939187315101437,0.039594582100676255,0.029695936575507186
400381714,0.0,0.0,0.3312724500244627,0.2208483000163085,0.16563622501223135
671282729,0.0,0.0,0.4275691514955618,0.28504610099704125,0.2137845757477809
1311554701,0.0,0.0,0.400230370488485,0.2668202469923233,0.2001151852442425
74952388,0.0,0.0,0.4412327409554308,0.29415516063695385,0.2206163704777154
232717751,0.0,0.0,0.0,0.0,0.0
940579521,3.3526571228423876,1.0,0.4548008262807516,0.32370054552282773,0.20539341767291813
18287294,0.0,0.0,0.0,0.0,0.0
42891608,0.0,0.0,0.35739737151837686,0.23826491434558458,0.17869868575918843
1967490896,0.0,0.0,0.42219875489264325,0.2814658365950955,0.21109937744632162
1070925107,0.0,0.0,0.38329531216245727,0.25553020810830485,0.19164765608122863
1963942486,0.0,0.0,0.47785053585499854,0.3185670239033324,0.23892526792749927
1941328839,4.800558682016884,1.0,0.4807303907904935,0.3518202866267369,0.2233582144342881
295479292,0.0,0.0,0.4062961349936889,0.2708640899957926,0.20314806749684444
875555893,0.0,0.0,0.4191484225641712,0.27943228170944745,0.2095742112820856
987275164,0.0,0.0,0.40508189288442525,0.27005459525628356,0.20254094644221263
2028259939,0.0,0.0,0.0,0.0,0.0
27469408,0.0,0.0,0.33207599501323576,0.22138399667549052,0.16603799750661788
959984395,0.0,0.0,0.19536869085077954,0.13024579390051969,0.09768434542538977
1866501484,0.0,0.0,0.26983664984408734,0.17989109989605823,0.13491832492204367
879315320,0.0,0.0,0.2760183054776998,0.18401220365179988,0.1380091527388499
1604587217,0.0,0.0,0.26346565133534017,0.17564376755689348,0.13173282566767008
761236878,0.0,0.0,0.21402820769146425,0.14268547179430952,0.10701410384573212
23298030,0.0,0.0,0.3135242043879137,0.20901613625860913,0.15676210219395684
309085357,0.0,0.0,0.1544246491012414,0.10294976606749427,0.0772123245506207
1413174656,0.0,0.0,0.3154245686887542,0.21028304579250282,0.1577122843443771
1699172104,0.0,0.0,0.33897026746599046,0.2259801783106603,0.16948513373299523
81967357,0.0,0.0,0.3620631940202175,0.24137546268014504,0.18103159701010876
317024934,0.0,0.0,0.0,0.0,0.0
1441276835,0.0,0.0,0.0,0.0,0.0
22212018,0.0,0.0,0.1544246491012414,0.10294976606749427,0.0772123245506207
948279033,2.62069741974142,0.0,0.5280370765950613,0.37712640950112497,0.27560393449956944
17163273,8.871733109013007,4.0,0.501747136557774,0.3677422933532276,0.16731594736919347
27531028,0.0,0.0,0.0,0.0,0.0
11356521,9.13101221046415,3.0,0.4972375662532998,0.372482030283326,0.18765573529782056
11190567,5.9248244309530325,1.0,0.5157923892777893,0.38277224019723766,0.24438642348361456
2032952073,5.280695571004446,0.0,0.523519132776135,0.39427063599822554,0.2826478190715147
10406623,6.103492971635919,1.0,0.49730656513187577,0.3715924357078506,0.23567154753737563
26788426,4.693522874299202,1.0,0.43906334633683386,0.32328488947931844,0.2021751379713143
19852302,5.217993278566807,1.0,0.4593195350397065,0.34043865090067604,0.2139876795317241
26565017,6.474564587733667,2.0,0.5171422643604694,0.3783046156021663,0.21636025803955167
7859872,4.9871748116899814,1.0,0.4932240940105793,0.3614543684546626,0.2302073489741165
10165519,2.271472372618236,0.0,0.36519099761837476,0.2655585461335026,0.19279452083438095
1858271975,1.582119879298823,0.0,0.44283215715099394,0.3111046155842399,0.22874677587560957
663711334,0.0,0.0,0.0,0.0,0.0
20702726,0.0,0.0,0.0,0.0,0.0
23372949,5.701356586155742,2.0,0.39056149408949725,0.2889932594579683,0.15079717630550404
16417658,4.9464428539988194,1.0,0.4693848124251343,0.3452783542632256,0.21815701904240614
8647735,1.7221156507281936,0.0,0.4507865713744692,0.31770157781818403,0.23332122271886746
8123533,7.71390710642295,2.0,0.4672789478796564,0.35238199644808915,0.19480687295289817
624711189,4.218977303522548,1.0,0.3842909234733049,0.2833315031308251,0.1732019552597926
16501276,4.074107493829091,1.0,0.46847760355994483,0.3383792583104933,0.21479835766707017
8581279,0.0,0.0,0.43500009086235397,0.29000006057490263,0.21750004543117699
23182882,1.7325303842044024,0.0,0.45832725453269596,0.32282429991235734,0.23713568736968338
1606161006,4.695564129954879,1.0,0.46717526143212584,0.3420406712015518,0.21623779013067046
7915107,5.158286028455308,1.0,0.4688560402725469,0.34638851131764115,0.2185677122689465
8598605,0.0,0.0,0.37051642272934626,0.24701094848623084,0.18525821136467313
25550372,3.848410919547535,0.0,0.4364872225381634,0.32595491672829896,0.23438058128578482
428942686,6.455252889218754,0.0,0.4994354027740013,0.3858250038363367,0.2741183484579249
1350703807,0.0,0.0,0.0,0.0,0.0
11188654,4.870463519368496,1.0,0.4534070390527023,0.3340958346887429,0.20992320743640797
1466449848,6.705323814394613,2.0,0.47174088279425974,0.3494513700852952,0.1943123405767247
8734422,3.3584151563859934,1.0,0.39353856233809953,0.28290477838178996,0.1747833974650061
1401160040,4.496019930537688,1.0,0.43207725144338216,0.3172126210810148,0.19802907276951037
19838635,4.189118084084687,1.0,0.3982232075106182,0.2923988286009434,0.18006616009933052
8203088,0.0,0.0,0.4732743203852785,0.31551621359018567,0.23663716019263925
844869976,1.6703381228685616,0.0,0.48304636125701106,0.3387314587944701,0.24923112737764214
201496359,0.0,0.0,0.0,0.0,0.0
8014362,2.8985965801180336,0.0,0.44080088176606214,0.32129379381097534,0.23305884363700058
24711376,0.0,0.0,0.3768627322514674,0.2512418215009783,0.1884313661257337
8806726,3.487021786607629,0.0,0.4587849352623912,0.3380242347942996,0.2442390574555212
1668197755,0.0,0.0,0.40996266346847965,0.27330844231231977,0.20498133173423982
8148073,3.279446209029667,1.0,0.37690470612159643,0.27118623409797593,0.16617602006161059
309139266,4.118712974626269,1.0,0.427419540348726,0.3113401101929262,0.19442296945680482
7829718,0.0,0.0,0.430019882807549,0.28667992187169933,0.2150099414037745
579523865,4.642852308745517,1.0,0.42763870839465656,0.3153076332006443,0.19629628162304602
907004288,5.91110772841764,1.0,0.4858766707813048,0.3627399427931075,0.22938772497084597
977331811,4.748460103753196,1.0,0.48946833455209904,0.3572777599408678,0.22755742207188806
913979606,1.7104540545444953,0.0,0.47897985605464044,0.33638994677038203,0.2473684092891456
1337569618,6.458152771059422,2.0,0.4940831007398814,0.36283031078497113,0.20478381665842543
7877667,6.499943709873926,2.0,0.4515330589917682,0.33472190162449833,0.18362800440203159
10042991,0.0,0.0,0.0,0.0,0.0
10030025,2.6150538935772114,0.0,0.47736904444110906,0.34329991687177736,0.25024785479487976
983002997,3.8590039370277487,1.0,0.4522392161843327,0.32593085855851944,0.20593017559392607
593810949,5.843468710645969,1.0,0.477235410903998,0.35654139676825913,0.2248650768291262
16065118,4.568282824946512,1.0,0.4564549639724342,0.33398474536155986,0.21045807484688733
17178309,3.1142975927114134,0.0,0.4305756434814866,0.31624294395439323,0.22876129018692892
24012312,1.9610175503076521,0.0,0.3735649266194878,0.2683906181568256,0.1957120019607441
27444612,3.811764346312506,0.0,0.468249202626697,0.34684992680283316,0.2501325051833647
311269730,1.5485524926974685,0.0,0.47170249375308776,0.3300387349704524,0.24303758801580255
793582583,0.0,0.0,0.414020729085235,0.2760138193901567,0.2070103645426175
19381360,0.0,0.0,0.43211203504150186,0.28807469002766795,0.21605601752075093
607721193,0.0,0.0,0.41287812242282146,0.27525208161521436,0.20643906121141073
297242157,1.6216143687745557,0.0,0.47955102472163963,0.3359506159191335,0.24727548133222305
1931643958,3.60052089106614,0.0,0.5151594421402429,0.37649452816675194,0.2728358287962399
26792733,4.658825009378045,1.0,0.42120350597127076,0.31113140175894255,0.19313125126084024
8022618,1.112116365729384,0.0,0.42603551461452865,0.29543695879852166,0.21828542610211166
27235865,1.658811108399306,0.0,0.4799916929716188,0.3365885895021017,0.24765467457243515
324283198,0.0,0.0,0.25049299459696883,0.1669953297313126,0.12524649729848442
1604213296,3.3688413801736554,0.0,0.4570569702619911,0.33593921343777944,0.24294443894474266
2048941045,0.0,0.0,0.43396273906608085,0.28930849271072057,0.21698136953304042
1406873213,0.0,0.0,0.4481665725407446,0.29877771502716305,0.2240832862703723
7827799,4.572138697972699,0.0,0.475025135640422,0.3569985979257742,0.2561195712812077
586069631,4.77910119537711,1.0,0.4496725920344608,0.3309637822278824,0.2077594818740413
1011670789,5.1810604792246036,0.0,0.4588114525659248,0.3504539612828636,0.24998095377784568
43312928,0.0,0.0,0.2961534170893505,0.19743561139290033,0.14807670854467525
1544726790,0.0,0.0,0.4271429274021459,0.2847619516014306,0.21357146370107294
9408919,0.0,0.0,0.39637052671434886,0.2642470178095659,0.19818526335717443
923533841,0.0,0.0,0.31665078916511463,0.21110052611007643,0.15832539458255732
27467549,1.4605961618878194,0.0,0.32829544536694105,0.23360984229554754,0.17095366670697215
1113356736,4.183346192028341,1.0,0.4398641191653905,0.3201166797011257,0.20086688207917852
715566785,0.0,0.0,0.0,0.0,0.0
1196657047,0.0,0.0,0.0,0.0,0.0
27310096,0.0,0.0,0.37052967940317505,0.2470197862687834,0.18526483970158752
317627684,0.0,0.0,0.4184338220565205,0.27895588137101374,0.20921691102826026
162313328,0.0,0.0,0.43587601315074237,0.29058400876716156,0.21793800657537118
320122827,0.0,0.0,0.45847506912091796,0.30565004608061197,0.22923753456045898
13025336,0.0,0.0,0.4250517794667817,0.28336785297785444,0.21252588973339084
16820983,0.0,0.0,0.0,0.0,0.0
1632926416,0.0,0.0,0.3626978250185775,0.24179855001238504,0.18134891250928875
339934516,0.0,0.0,0.3977431070367505,0.2651620713578337,0.19887155351837524
94481995,0.0,0.0,0.36311808959690384,0.24207872639793593,0.18155904479845192
909184198,5.65391013356642,1.0,0.4727844427307775,0.3523351135868169,0.22206775994284123
18283045,6.012334501828928,1.0,0.5072754537976331,0.37765660508638477,0.24038748891703704
19789536,3.8029416504660216,0.0,0.44069213064576385,0.32841109249347905,0.2363228370442526
23780221,7.369766751770082,2.0,0.49891310917082754,0.37150541316789604,0.20971655784111115
10331316,4.066479616549476,1.0,0.43381937198297454,0.315216719622609,0.19744291066170622
27162373,3.760102888583562,0.0,0.4733105002404553,0.3498284408731951,0.2524805304492545
1248783914,5.11138847143496,1.0,0.4846941736394964,0.3566255895023856,0.22633831246324193
10970806,4.263116242124809,1.0,0.4295755553835973,0.3138467507009179,0.1959944987364301
545684836,0.0,0.0,0.4040179143836598,0.26934527625577326,0.2020089571918299
11707591,0.0,0.0,0.0,0.0,0.0
13084432,5.583848268037876,2.0,0.46999529643566473,0.3411747215445667,0.19015665925819708
927785798,0.0,0.0,0.351737549536775,0.23449169969118336,0.1758687747683875
1352630279,3.3060599779941637,1.0,0.4002405536502935,0.28695602844344237,0.177942049668883
1377693149,0.0,0.0,0.45612115396176545,0.30408076930784367,0.22806057698088272
23931056,4.577762419927201,1.0,0.38387249839223486,0.28566446407627893,0.17419824010364243
1665630571,1.6362615286570656,0.0,0.46304436074102834,0.32508184993673467,0.23908476934407527
99687136,0.0,0.0,0.2760183054776998,0.18401220365179988,0.1380091527388499
905901780,0.0,0.0,0.4429149600722996,0.29527664004819976,0.2214574800361498
21751182,4.679970777025489,1.0,0.4411031705488017,0.3245484113725156,0.20315057580893758
509755072,3.9608860488049054,0.0,0.48034733472228547,0.3560479271905638,0.2567042999960843
1387213721,0.0,0.0,0.3789082326102322,0.2526054884068215,0.1894541163051161
8249923,4.860701395464084,1.0,0.4797361050796917,0.3515801275653183,0.22305616300001768
8055932,0.0,0.0,0.36660348315512276,0.2444023221034152,0.18330174157756138
1030549031,0.0,0.0,0.35143908714388056,0.23429272476258706,0.17571954357194028
1817077329,3.6600499328152187,1.0,0.4420817899304179,0.31763200272251413,0.2001465832361708
11278248,0.0,0.0,0.4025867167935154,0.2683911445290103,0.2012933583967577
2063040383,1.98554351862788,0.0,0.3909085040934247,0.28017312267864347,0.20448538433118632
9770493,6.621530528248607,2.0,0.47039995909604027,0.3480466802718514,0.19340615225932384
1670905161,1.4076783113279774,0.0,0.4492396572827226,0.31374018774843926,0.2311954053613417
10955252,0.0,0.0,0.3355548105995412,0.22370320706636082,0.1677774052997706
18612949,3.2033751950600022,1.0,0.4225327291538715,0.3009946524790889,0.18870837143602331
1834255340,2.7463535366436678,0.0,0.3983051789443764,0.2916967269536438,0.2112264083909849
74461068,0.0,0.0,0.46741555618294695,0.3116103707886313,0.23370777809147347
187192332,0.0,0.0,0.39340454321251245,0.2622696954750083,0.19670227160625622
1203047059,0.0,0.0,0.46906236699735215,0.31270824466490144,0.23453118349867608
807221208,0.0,0.0,0.0,0.0,0.0
725721017,0.0,0.0,0.32346528573618927,0.21564352382412622,0.16173264286809463
1797599296,4.57574399538989,1.0,0.44900561575335984,0.3290720617489905,0.20675811544511025
575707259,1.1650069952709965,0.0,0.3092877335676187,0.21811802596365648,0.16014826843853736
309140762,0.0,0.0,0.30859784199975965,0.20573189466650646,0.15429892099987982
324945437,0.0,0.0,0.3386699160265492,0.2257799440176995,0.1693349580132746
1503712422,0.0,0.0,0.37199676046601693,0.24799784031067795,0.18599838023300846
7954207,0.0,0.0,0.25219087211996405,0.16812724807997603,0.12609543605998202
1528437436,0.0,0.0,0.2790958765804073,0.18606391772027153,0.13954793829020365
533782187,0.0,0.0,0.43318247734760085,0.2887883182317339,0.21659123867380042
586363951,8.60707881120756,3.0,0.5058060078802524,0.375469935850865,0.19068254587263714
27024299,4.597371937698435,1.0,0.45134486701092963,0.3307866019297261,0.20799929769344389
1292705037,5.604412200940838,2.0,0.4783162438044991,0.3468580538300504,0.19437991788396541
545008281,3.5270365844879534,0.0,0.46418314964986684,0.34193684048957984,0.2470829936201651
858887885,3.753701988674541,0.0,0.48922200278667594,0.3603869637650237,0.26041359919667934
8565305,5.68810923643544,2.0,0.4436629090460926,0.324307254098505,0.1773077536312509
27050690,2.499115878880729,0.0,0.4182320179619682,0.30288785129895823,0.22022362713066693
596391934,1.2151566136576784,0.0,0.45077436544864874,0.3129264246060516,0.2311149585583024
21910620,0.0,0.0,0.28776598610704845,0.19184399073803232,0.14388299305352423
1273748332,0.0,0.0,0.44619873080296996,0.2974658205353133,0.22309936540148498
13127598,1.6913161352693837,0.0,0.4518310342260213,0.31811463114357663,0.23371272095588563
27189274,0.0,0.0,0.41016562709973603,0.273443751399824,0.20508281354986801
61163488,2.5611912573913944,0.0,0.4202089221197963,0.3047357118987997,0.22145665974556067
853722638,3.3255383781010086,0.0,0.5067311328210654,0.3687110739529108,0.26762263659770213
423501173,2.8734874039277565,0.0,0.487291053700168,0.3520795050272825,0.2562080511087781
1908518479,4.387361145695609,0.0,0.49395904636744015,0.3682850294683647,0.2649698302099068
17341474,1.022374645543903,0.0,0.2754644249267655,0.1941800329529523,0.1425954815411252
12118429,2.453699149305367,0.0,0.18794621053970526,0.14897441049307059,0.10490092225443744
1434403617,0.0,0.0,0.45227744722304203,0.30151829814869474,0.22613872361152101
1805714683,0.0,0.0,0.42366748049050973,0.28244498699367315,0.21183374024525486
8114186,1.2152532435246353,0.0,0.27051885912528467,0.1927570173914074,0.14098763478166584
1400778316,3.186664354744451,0.0,0.4082129575749809,0.30191960307252796,0.21785000095173998
27579158,1.184725129986213,0.0,0.2787229733315653,0.19793208569207438,0.14495384211395074
933872351,0.0,0.0,0.34473299647060623,0.22982199764707084,0.17236649823530312
137548148,0.0,0.0,0.4237331655370544,0.282488777024703,0.2118665827685272
706273953,2.889527271695894,0.0,0.445292989096296,0.3242135511431226,0.2352702907384212
771421172,0.0,0.0,0.4007222525632253,0.26714816837548355,0.20036112628161265
729932945,0.0,0.0,0.4205107261759604,0.28034048411730694,0.2102553630879802
1323693123,0.0,0.0,0.40535421731960164,0.27023614487973446,0.20267710865980082
699106662,0.0,0.0,0.37823650558756094,0.25215767039170733,0.18911825279378047
24264405,0.0,0.0,0.32826121652710133,0.21884081101806757,0.16413060826355066
527407577,0.0,0.0,0.44984738633689475,0.2998982575579298,0.22492369316844738
1723883888,3.818061993985338,0.0,0.48077548804122516,0.35524890117997415,0.2564178559371467
1687176590,3.56082241499525,1.0,0.39218963458880923,0.28359922179825103,0.17484450062850926
1564435525,3.1759376715208263,0.0,0.4731033456353564,0.34509336260482,0.25025527228594696
22378889,0.5968767388155085,0.0,0.20921404600169793,0.14575481240009458,0.10750492226190865
1750491579,0.0,0.0,0.4019266669665991,0.26795111131106614,0.20096333348329956
179968927,0.0,0.0,0.38197549702349676,0.25465033134899784,0.19098774851174838
1431524825,0.0,0.0,0.42058742254357995,0.2803916150290533,0.21029371127178997
212398871,0.0,0.0,0.45636579511743375,0.3042438634116225,0.22818289755871687
615161853,0.0,0.0,0.3833872407353437,0.2555914938235625,0.19169362036767185
1999964149,0.0,0.0,0.27733305077921233,0.18488870051947492,0.13866652538960617
1140215039,0.0,0.0,0.41870736934599795,0.2791382462306653,0.20935368467299897
1235915154,6.3622744131413285,1.0,0.48031739825772374,0.36189589709564624,0.22792907454825206
418495008,0.0,0.0,0.2844239937128897,0.18961599580859312,0.14221199685644484
1296339081,4.837747844136318,1.0,0.45467767821364363,0.3347134278839664,0.2104526041343845
1137715451,7.048096257777079,2.0,0.5010267170753798,0.37103159261109814,0.2099043344888491
15500067,3.9600594112831424,0.0,0.47726164003458904,0.35398455794677247,0.25515857290516214
19927140,2.5916633443350516,0.0,0.40083243308631444,0.2920771207156383,0.21188798515458582
919134732,0.0,0.0,0.4587585540816268,0.30583903605441787,0.2293792770408134
562367627,4.914366250752594,1.0,0.453937490995225,0.33475649868192886,0.21033013926836353
879490453,1.6065126354312844,0.0,0.46621996816348943,0.3269231648904172,0.2405453007500943
26874232,0.0,0.0,0.39377649883458354,0.26251766588972236,0.19688824941729177
16037066,0.0,0.0,0.3411321940345454,0.22742146268969698,0.1705660970172727
17673039,3.0124179252794745,1.0,0.39027709878921923,0.27794120872940664,0.17186531463527527
1264512560,1.3074150269724452,0.0,0.41984164155351766,0.2931890134362524,0.21605678342317758
189497264,3.8771815740458084,1.0,0.43257634222146435,0.3129605447038457,0.19616255497583274
165110367,0.0,0.0,0.2675382624352292,0.17835884162348614,0.1337691312176146
17727573,3.9905585312914162,0.0,0.47592551483602363,0.35332373014698926,0.25459662830553803
1739675103,0.15403270679109896,0.0,0.1317725694007502,0.08950431385562446,0.06665056204889402
17264736,0.0,0.0,0.35354316085213344,0.235695440568089,0.17677158042606672
409972954,1.5574762893151062,0.0,0.46752764879474107,0.32733874953521813,0.24098858609216625
802165474,0.0,0.0,0.2719394442756681,0.1812929628504454,0.13596972213783404
1717629599,0.0,0.0,0.39617289093079827,0.2641152606205322,0.19808644546539914
1263158796,3.950740278024259,1.0,0.4206252365157882,0.3055505244703992,0.1904442560785351
1939318046,4.362780495924387,1.0,0.4370060618061659,0.31953103581076475,0.20004695848377646
244051930,1.8400083101666562,0.0,0.42452305853234107,0.3012694161052892,0.22068647253558366
819222751,0.0,0.0,0.10328829529932013,0.0688588635328801,0.05164414764966006
1256399441,2.164487789725936,0.0,0.4290283499692133,0.307177627349571,0.22427974146311222
1125052181,0.0,0.0,0.3519660280255585,0.23464401868370569,0.17598301401277924
449931363,0.0,0.0,0.32002611992642094,0.213350746617614,0.16001305996321047
1884175888,0.0,0.0,0.3946027702329046,0.26306851348860305,0.1973013851164523
16053687,4.725850476520495,1.0,0.4442334666082677,0.32696107218829734,0.20486609158150337
246340029,0.0,0.0,0.34843384698857777,0.23228923132571852,0.17421692349428888
24080757,0.0,0.0,0.26150083045823097,0.17433388697215402,0.13075041522911549
240357487,1.815688078824613,0.0,0.32480164998874905,0.234567285754044,0.1707236799612413
1863469100,0.0,0.0,0.24563033451021524,0.16375355634014352,0.12281516725510762
16768193,0.0,0.0,0.43899157106725595,0.29266104737817067,0.21949578553362797
1073824307,0.0,0.0,0.39350185752978967,0.26233457168652646,0.19675092876489483
1139561419,0.0,0.0,0.42087268105475456,0.28058178736983636,0.21043634052737728
16650865,3.839172118710423,0.0,0.4932249711988148,0.36370966395061133,0.26271695474620804
1056578613,0.0,0.0,0.2644997387836599,0.1763331591891066,0.13224986939182995
130163522,1.6512618133493528,0.0,0.4212341573403864,0.2973471384067095,0.21824370952240177
996800131,0.0,0.0,0.0,0.0,0.0
22023837,0.0,0.0,0.31003823428830074,0.20669215619220052,0.15501911714415037
8109841,0.0,0.0,0.26970492338809504,0.17980328225873005,0.13485246169404752
14864255,1.9683470171970299,0.0,0.3305120672161984,0.23975454503946161,0.1742159567905589
1417244670,0.0,0.0,0.23526576618699369,0.15684384412466246,0.11763288309349684
1821873609,4.679722662518423,1.0,0.4436190351829148,0.3262238892805374,0.20440769342689247
1669628804,0.0,0.0,0.0,0.0,0.0
1016418717,0.0,0.0,0.43192890074823503,0.2879526004988234,0.21596445037411752
8896633,3.9873464486687853,1.0,0.41349661365263674,0.30107421484952573,0.18700737801060285
7847223,3.868337872191523,0.0,0.47390200653816583,0.3510498045884166,0.2531579879904549
16677411,1.0734393573799812,0.0,0.4120893732523602,0.28576282067721887,0.21113848901493948
1039621367,0.9641571951924928,0.0,0.4059749145978402,0.2806146043525857,0.20758653173923958
10650662,4.25486255419807,0.0,0.4031069495343943,0.30674629910533274,0.21909578218984477
26932882,3.8596319155843606,0.0,0.43074882804945747,0.3222147739941187,0.23155082416064274
9709163,4.014773454567217,1.0,0.4124261770932051,0.3005669097481276,0.18656738401006684
1367362615,5.206637775676099,1.0,0.4585748114290468,0.3398647574317425,0.21357958954401252
294060337,0.0,0.0,0.5009075507415074,0.33393836716100495,0.2504537753707537
505348601,4.925098613425054,1.0,0.4939760006848116,0.3615237296609436,0.2303839592759062
23373045,0.0,0.0,0.0,0.0,0.0
1198798379,0.0,0.0,0.4419830914094108,0.2946553942729406,0.2209915457047054
1854560977,4.73365622366879,0.0,0.453629470226496,0.3438864443607935,0.24595325705623086
1537249895,4.620746179225548,1.0,0.4057838413080553,0.3005798361729235,0.18529597778590534
1175927325,0.0,0.0,0.45360654637011333,0.3024043642467422,0.22680327318505666
16586931,0.0,0.0,0.29903317275596764,0.19935544850397843,0.14951658637798382
499007974,0.0,0.0,0.45907904788338677,0.30605269858892453,0.22953952394169339
37336302,0.0,0.0,0.48918853762060754,0.32612569174707173,0.24459426881030377
11891898,3.0417513279170096,0.0,0.3984221118970919,0.2942169994728615,0.21241209819845372
8700542,2.829302702800991,0.0,0.392115803153776,0.28826267339149964,0.20845119601795672
715364637,3.4068487576090556,1.0,0.4400528097732221,0.3142981452263553,0.19821769128463673
43090813,0.0,0.0,0.40798637891599937,0.27199091927733293,0.20399318945799969
11752330,0.0,0.0,0.33750843455588203,0.22500562303725472,0.16875421727794102
26342385,0.0,0.0,0.4324433395872223,0.28829555972481485,0.21622166979361115
1043199071,0.0,0.0,0.44064340975362853,0.2937622731690857,0.22032170487681427
18552199,0.0,0.0,0.18639020142061177,0.12426013428040786,0.09319510071030589
16648816,4.533299859969866,1.0,0.4223813031221852,0.3110174656972925,0.1933051648383315
24012490,0.0,0.0,0.29830311489063516,0.19886874326042345,0.14915155744531758
16680929,0.0,0.0,0.33750843455588203,0.22500562303725472,0.16875421727794102
13062365,0.0,0.0,0.3772911219036251,0.2515274146024168,0.18864556095181256
446187091,0.0,0.0,0.3832784957183648,0.2555189971455766,0.1916392478591824
1879822617,0.0,0.0,0.23498657676238724,0.15665771784159152,0.11749328838119362
12275519,1.1908498055838839,0.0,0.4407192104537896,0.30598869704645276,0.2259792468010146
24245396,0.0,0.0,0.3650491330936048,0.2433660887290699,0.1825245665468024
918012586,0.0,0.0,0.38258420621016304,0.2550561374734421,0.19129210310508152
743255905,3.247875938341036,1.0,0.4148682395462495,0.2962424753510864,0.18504111860624867
20631002,0.0,0.0,0.23498657676238724,0.15665771784159152,0.11749328838119362
1838468098,0.0,0.0,0.35480564782634777,0.23653709855089852,0.17740282391317388
21545067,0.0,0.0,0.2675382624352292,0.17835884162348614,0.1337691312176146
660169101,1.8326787011217074,0.0,0.28191412374144487,0.20613018235131364,0.1493512618047303
27501382,0.0,0.0,0.26011955447621155,0.17341303631747437,0.13005977723810577
18606044,0.0,0.0,0.2682971178818768,0.17886474525458457,0.1341485589409384
349382349,0.0,0.0,0.4072211107259974,0.2714807404839983,0.2036105553629987
1906260222,1.2670375425639098,0.0,0.2752044308047846,0.1963780851188333,0.14355996828653547
18424551,0.8107958954397136,0.0,0.30367972214237643,0.2108945572988027,0.1557358960883659
1571316086,0.5493061443340548,0.0,0.21807609050038432,0.1511758048546178,0.11171115810605134
16054773,0.0,0.0,0.3733050974175359,0.24887006494502395,0.18665254870876796
1633771252,0.0,0.0,0.0,0.0,0.0
8299376,0.0,0.0,0.13213867652137956,0.08809245101425306,0.06606933826068978
163998431,3.426192883620722,0.0,0.3345671606479346,0.254733311255741,0.18190905916571404
600695252,0.0,0.0,0.0,0.0,0.0
1355837152,0.0,0.0,0.17214964538959138,0.1147664302597276,0.08607482269479569
298645004,0.0,0.0,0.21751538378850727,0.14501025585900484,0.10875769189425363
11981115,0.0,0.0,0.30677706305575153,0.2045180420371677,0.15338853152787577
1993539703,0.0,0.0,0.2266295719223681,0.15108638128157875,0.11331478596118405
1315321271,0.0,0.0,0.34677938446289547,0.23118625630859702,0.17338969223144773
366118454,0.0,0.0,0.14873092529126955,0.0991539501941797,0.07436546264563478
1391321104,0.0,0.0,0.0,0.0,0.0
25971040,0.6993861212328581,0.0,0.1575566842147923,0.11235847322593727,0.08215711922250803
7861733,0.0,0.0,0.2848253959183122,0.1898835972788748,0.1424126979591561
18306781,0.0,0.0,0.20812859152666077,0.13875239435110717,0.10406429576333039
18906301,0.0,0.0,0.18437648933763054,0.12291765955842036,0.09218824466881527
11503294,0.7216808973279666,0.0,0.15328499680569926,0.10973592019191368,0.08012523178197925
1628158035,0.0,0.0,0.2657698394908485,0.177179892993899,0.13288491974542424
26902339,0.0,0.0,0.0,0.0,0.0
18365080,0.0,0.0,0.2675382624352292,0.17835884162348614,0.1337691312176146
8211669,2.1467754155916015,0.0,0.35981336490109506,0.2608779421663609,0.18960008194237712
814130027,1.4037823688536961,0.0,0.27394795188364346,0.1968422061571236,0.1435325474347577
27479463,0.0,0.0,0.21272986478866596,0.14181990985911064,0.10636493239433298
1056378072,0.0,0.0,0.4552612221199812,0.30350748141332085,0.2276306110599906
8470301,4.048126426685201,1.0,0.4502092251488517,0.32600587159664723,0.2055744141047003
1324632572,1.3062338853075741,0.0,0.4300258770959505,0.29996722957458577,0.22114369770672238
1928640921,0.0,0.0,0.39049020545739926,0.26032680363826616,0.19524510272869963
690805580,0.0,0.0,0.4263925507141713,0.28426170047611427,0.21319627535708566
2116206652,0.0,0.0,0.4716875261184455,0.3144583507456304,0.23584376305922275
27444778,0.0,0.0,0.43516754316410583,0.29011169544273724,0.21758377158205292
26983791,0.0,0.0,0.0,0.0,0.0
13323701,0.0,0.0,0.0,0.0,0.0
2083085247,0.0,0.0,0.3298278562428155,0.21988523749521038,0.16491392812140776
13322719,0.0,0.0,0.4244495984397045,0.28296639895980297,0.21222479921985224
1311888682,0.0,0.0,0.32968786381205906,0.21979190920803937,0.16484393190602953
187957090,3.1764042862781476,0.0,0.4625238207892629,0.33804411045315613,0.24496724728400723
26347703,0.0,0.0,0.0,0.0,0.0
21442375,0.0,0.0,0.3563124758995,0.2375416505996667,0.17815623794975
1739132051,0.0,0.0,0.37430076926152384,0.24953384617434923,0.18715038463076192
26624854,0.0,0.0,0.3025251488457469,0.20168343256383126,0.15126257442287344
16298757,0.0,0.0,0.272147057756142,0.18143137183742802,0.136073528878071
1794485129,0.0,0.0,0.30127996673347485,0.20085331115564992,0.15063998336673742
1160942806,0.0,0.0,0.41575977995950014,0.2771731866396668,0.20787988997975007
150663416,0.0,0.0,0.1831726566589455,0.12211510443929702,0.09158632832947275
2105838503,0.0,0.0,0.3168324440086104,0.2112216293390736,0.1584162220043052
20132922,0.0,0.0,0.4171947311144371,0.27812982074295806,0.20859736555721856
937308915,0.0,0.0,0.24308415666587707,0.16205610444391805,0.12154207833293854
27312459,0.0,0.0,0.26576316895719726,0.17717544597146487,0.13288158447859863
16500024,0.0,0.0,0.20341824747957857,0.1356121649863857,0.10170912373978928
79154887,0.0,0.0,0.3410872853642958,0.22739152357619719,0.1705436426821479
251418326,0.0,0.0,0.3482424876249169,0.23216165841661127,0.17412124381245844
21417231,0.0,0.0,0.2868433311854778,0.19122888745698519,0.1434216655927389
296866197,0.0,0.0,0.3371274233221084,0.22475161554807227,0.1685637116610542
1973235736,0.0,0.0,0.44417302255005303,0.296115348366702,0.22208651127502652
2052164387,0.0,0.0,0.30042566296669887,0.2002837753111326,0.15021283148334943
1453916916,0.0,0.0,0.42201873189918127,0.28134582126612084,0.21100936594959063
11519110,0.0,0.0,0.2507944641465844,0.1671963094310563,0.1253972320732922
26633932,0.0,0.0,0.37692982374867806,0.25128654916578536,0.18846491187433903
24212880,0.0,0.0,0.2760183054776998,0.18401220365179988,0.1380091527388499
16621799,0.0,0.0,0.24624241610982903,0.16416161073988603,0.12312120805491451
654185468,0.9241962407465937,0.0,0.2762488736265325,0.19373581829468486,0.14254131491034155
22537988,0.0,0.0,0.1544246491012414,0.10294976606749427,0.0772123245506207
8879485,0.0,0.0,0.23526576618699369,0.15684384412466246,0.11763288309349684
1426372529,0.8657040773505106,0.0,0.26280221614535415,0.18419083221375776,0.13555004104968707
1445024008,0.0,0.0,0.3709115013105141,0.2472743342070094,0.18545575065525705
24285794,0.0,0.0,0.1831726566589455,0.12211510443929702,0.09158632832947275
2060935902,0.0,0.0,0.4258677403908965,0.28391182692726435,0.21293387019544824
16472664,0.0,0.0,0.4039572379081629,0.2693048252721086,0.20197861895408145
1849796529,0.0,0.0,0.25553868877134134,0.1703591258475609,0.12776934438567067
11108322,7.851776875811059,2.0,0.4906953325607003,0.36876691871653594,0.2068722956693051
11844661,0.0,0.0,0.2961534170893505,0.19743561139290033,0.14807670854467525
405869820,0.0,0.0,0.4021575231865487,0.2681050154576991,0.20107876159327434
1751257115,0.0,0.0,0.44492806685537645,0.29661871123691763,0.22246403342768822
1372327486,4.404641969827724,1.0,0.441104552018546,0.32256845918534705,0.2022370173898106
688308508,0.0,0.0,0.40270379363605224,0.26846919575736816,0.20135189681802612
1562480527,0.0,0.0,0.2964957585161306,0.19766383901075374,0.1482478792580653
1497476873,2.0924088948744415,0.0,0.3468615647658462,0.25176190456058634,0.18290194917524102
8856913,0.0,0.0,0.4456684704339149,0.2971123136226099,0.22283423521695744
226612726,5.137052328993061,1.0,0.5016428657843541,0.3681008985531958,0.23489397282224234
773570294,0.0,0.0,0.0,0.0,0.0
7937975,3.801341772000784,1.0,0.3934374676549882,0.28628968616892186,0.1763262213123148
13057235,6.105739663379846,1.0,0.4901867754973369,0.36686019595303776,0.23211824656697383
1746270256,0.0,0.0,0.15828824421825746,0.10552549614550498,0.07914412210912873
729863721,0.0,0.0,0.27333451963933453,0.1822230130928897,0.13666725981966726
1194124737,3.1677446098500623,0.0,0.409911991358378,0.3028996708936403,0.21862907721213745
14864346,3.7493843731725667,0.0,0.46273336966640755,0.3426947098348755,0.24715397562886704
12323208,4.034794033368074,1.0,0.4202731828049987,0.30594855410422406,0.19056025942668708
8103608,0.0,0.0,0.0,0.0,0.0
599701552,4.069445138198936,1.0,0.43620656576618894,0.3168303663845093,0.19864674643320146
11102235,0.0,0.0,0.29148602755980596,0.194324018373204,0.14574301377990298
434411158,0.0,0.0,0.39866413994107175,0.26577609329404783,0.19933206997053587
26579603,2.64730966539715,0.0,0.47041997285891146,0.33894010987009215,0.24689927625906394
13499390,0.0,0.0,0.21272986478866596,0.14181990985911064,0.10636493239433298
1615473723,1.686050192106096,0.0,0.29909647742519285,0.21624308320623686,0.1573230532923387
26794279,0.0,0.0,0.36881496416723547,0.24587664277815702,0.18440748208361774
488446693,2.3384665352147955,0.0,0.41362248897440296,0.29842972841930304,0.21727958407321732
7887523,1.3640948098973946,0.0,0.23350652920633594,0.16950515932599214,0.12313825222859943
17198184,1.286226912477552,0.0,0.44563152560679126,0.3101798347728623,0.22885829405031938
1092926973,0.0,0.0,0.43471741536953157,0.2898116102463544,0.21735870768476578
1049026413,0.0,0.0,0.3544385274230192,0.23629235161534612,0.1772192637115096
18879690,0.0,0.0,0.43139436186027263,0.28759624124018174,0.21569718093013632
2039323570,0.0,0.0,0.42088256179231526,0.2805883745282102,0.21044128089615763
1112680557,1.3211822558838349,0.0,0.3990148267061641,0.2794357889073137,0.205703984631484
532272836,0.0,0.0,0.41707692875737234,0.27805128583824823,0.20853846437868617
14857873,1.46331071451544,0.0,0.2592657958235141,0.1876156136384165,0.13645062856840648
21414081,0.0,0.0,0.4342460370637303,0.28949735804248683,0.21712301853186514
8114429,1.8869006581909622,0.0,0.25697308104681,0.1899945271078081,0.1371076819433749
18761912,1.771376128097638,0.0,0.2084810092907987,0.15661590645055962,0.11237676630233495
12341695,0.0,0.0,0.3694354638847491,0.24629030925649942,0.18471773194237456
24011531,1.2792139405522478,0.0,0.29969134126618807,0.21281928667074493,0.15585723639922613
2010405375,0.0,0.0,0.45623551349978947,0.3041570089998597,0.22811775674989473
1718044425,0.0,0.0,0.408529339633113,0.272352893088742,0.2042646698165565
1807124715,0.0,0.0,0.44674013450774314,0.2978267563384955,0.22337006725387157
340041910,0.0,0.0,0.31469761288040127,0.2097984085869342,0.15734880644020063
189140245,2.660490513257132,0.0,0.4224066226557222,0.3070425057253959,0.22294396853782156
1856895262,0.0,0.0,0.4012463324878884,0.26749755499192557,0.2006231662439442
1695684768,0.0,0.0,0.2649917833800751,0.1766611889200501,0.13249589169003756
8124989,0.891875484983685,0.0,0.19404723095812612,0.13861433433377662,0.10129262179984423
1469638892,1.1805055600234236,0.0,0.2817720936189265,0.19992408221993052,0.1464595944128384
1223247366,0.0,0.0,0.35309685624909787,0.23539790416606526,0.17654842812454893
970743087,0.0,0.0,0.41377041994983105,0.2758469466332207,0.20688520997491552
392798041,0.0,0.0,0.16663502893977283,0.11109001929318191,0.08331751446988642
7888423,0.0,0.0,0.27726412669204775,0.18484275112803183,0.13863206334602388
1813879487,0.0,0.0,0.28354684826570825,0.18903123217713885,0.14177342413285413
91782468,0.0,0.0,0.23526576618699369,0.15684384412466246,0.11763288309349684
643857760,0.0,0.0,0.19849449619943263,0.13232966413295508,0.09924724809971631
768725475,0.0,0.0,0.0,0.0,0.0
101915836,0.0,0.0,0.3861317886333671,0.25742119242224476,0.19306589431668356
737248123,0.0,0.0,0.24563033451021524,0.16375355634014352,0.12281516725510762
1377445852,0.0,0.0,0.38695822684915,0.2579721512327667,0.193479113424575
7891904,4.64010536907359,1.0,0.4921490264011169,0.3582949081880257,0.22854239277231053
509611676,3.3875501158781005,0.0,0.40482371983159954,0.30126538182218093,0.2168962761932373
20196119,0.0,0.0,0.2565651715593987,0.17104344770626578,0.12828258577969934
27318181,0.0,0.0,0.20341824747957857,0.1356121649863857,0.10170912373978928
1713104737,0.0,0.0,0.39402165338380385,0.2626811022558692,0.19701082669190192
68901037,0.0,0.0,0.20341824747957857,0.1356121649863857,0.10170912373978928
2011016274,0.0,0.0,0.0,0.0,0.0
273552687,0.0,0.0,0.0,0.0,0.0
13333008,0.0,0.0,0.3842065054047662,0.25613767026984413,0.1921032527023831
1566800403,0.0,0.0,0.03889297522174283,0.025928650147828552,0.019446487610871414
1756914570,0.0,0.0,0.1544246491012414,0.10294976606749427,0.0772123245506207
16998137,0.0,0.0,0.4220847204328198,0.2813898136218799,0.2110423602164099
1939195825,0.0,0.0,0.0,0.0,0.0
11051059,0.0,0.0,0.0,0.0,0.0
1253395485,0.0,0.0,0.24563033451021524,0.16375355634014352,0.12281516725510762
9346076,0.0,0.0,0.1544246491012414,0.10294976606749427,0.0772123245506207
